id,first_name,last_name,email,gender,ip_address
1,Margarette,Colvie,mcolvie0@tiny.cc,Female,107.108.205.134
2,Bert,Mellmer,bmellmer1@skyrock.com,Male,91.149.218.88
3,Barbra,Croser,bcroser2@histats.com,Female,113.132.240.9
4,Moise,Koenraad,mkoenraad3@dailymotion.com,Male,65.130.126.147
5,Des,Danilchik,ddanilchik4@google.nl,Male,58.167.192.28
6,Stephi,Tootin,stootin5@lycos.com,Bigender,15.226.221.164
7,Clem,Yusupov,cyusupov6@cnbc.com,Male,71.0.116.205
8,Sigfrid,Escott,sescott7@ovh.net,Male,124.67.115.19
9,Rodney,Raycroft,rraycroft8@tinyurl.com,Male,31.227.84.16
10,Carmella,Yushachkov,cyushachkov9@liveinternet.ru,Agender,24.241.186.41
11,Derby,Lamond,dlamonda@delicious.com,Male,60.99.239.111
12,Boy,Heighton,bheightonb@merriam-webster.com,Male,189.58.205.93
13,Al,Slesser,aslesserc@omniture.com,Male,3.80.24.202
14,Arnaldo,Pavia,apaviad@webnode.com,Genderqueer,41.173.255.162
15,Paton,Glennon,pglennone@hugedomains.com,Male,178.64.136.135
16,Russ,Kemme,rkemmef@epa.gov,Male,202.238.86.215
17,Madlin,Tatterton,mtattertong@cam.ac.uk,Female,27.46.250.14
18,Ethelind,Pinkard,epinkardh@discovery.com,Female,232.45.26.178
19,Kurtis,Broggelli,kbroggellii@bloomberg.com,Male,174.240.33.39
20,Graehme,Simes,gsimesj@feedburner.com,Male,238.68.44.224
21,Leanna,Soitoux,lsoitouxk@economist.com,Female,57.94.55.71
22,Doti,Toppin,dtoppinl@washington.edu,Female,141.19.2.192
23,Petr,Mougeot,pmougeotm@shinystat.com,Male,113.95.180.46
24,Laverna,Wiltshire,lwiltshiren@theatlantic.com,Female,182.32.190.181
25,Nerti,Gallegos,ngallegoso@fastcompany.com,Female,233.224.243.146
26,Paige,Crookshanks,pcrookshanksp@wix.com,Genderfluid,119.251.80.36
27,Starla,Kabsch,skabschq@paypal.com,Female,86.196.176.89
28,Blondelle,Llewhellin,bllewhellinr@soundcloud.com,Female,106.169.80.233
29,Julius,Ettritch,jettritchs@smugmug.com,Male,15.178.193.165
30,Nedi,Gregoraci,ngregoracit@intel.com,Female,6.86.38.62
31,Rosana,Seatter,rseatteru@bbc.co.uk,Non-binary,138.64.215.84
32,Guillermo,Bunt,gbuntv@bloglovin.com,Male,176.250.244.148
33,Ulrika,Mantione,umantionew@engadget.com,Female,89.211.73.112
34,Nolan,Robbie,nrobbiex@tumblr.com,Male,46.133.224.16
35,Berk,Rissen,brisseny@163.com,Male,75.98.224.76
36,Vonni,Cohalan,vcohalanz@ftc.gov,Female,83.94.104.45
37,Isidoro,Aujouanet,iaujouanet10@businesswire.com,Male,238.167.206.17
38,Prisca,Gover,pgover11@tinypic.com,Female,63.73.154.76
39,Rickie,Jantzen,rjantzen12@dot.gov,Male,0.241.174.0
40,Taite,Breakspear,tbreakspear13@sciencedirect.com,Male,58.103.224.135
41,Israel,Burgott,iburgott14@vk.com,Male,147.85.104.147
42,Tybie,Ivashkov,tivashkov15@typepad.com,Female,173.155.96.247
43,Audrie,Kaspar,akaspar16@cdc.gov,Female,161.98.24.146
44,Mervin,Hyland,mhyland17@angelfire.com,Male,27.15.255.135
45,Kati,Baroc,kbaroc18@admin.ch,Genderfluid,178.100.12.106
46,Wolfy,Carslake,wcarslake19@china.com.cn,Male,236.144.204.99
47,Randell,Bernini,rbernini1a@com.com,Male,190.44.219.23
48,Jack,Rydeard,jrydeard1b@de.vu,Male,34.180.154.88
49,Lissy,Jeffery,ljeffery1c@wufoo.com,Female,6.69.43.97
50,Stefan,Baird,sbaird1d@themeforest.net,Male,220.16.72.43
51,Palm,Luffman,pluffman1e@pen.io,Male,72.32.176.94
52,Minerva,Almack,malmack1f@latimes.com,Female,97.102.184.245
53,Holly,Durrad,hdurrad1g@discovery.com,Female,64.175.17.57
54,Erminia,Winters,ewinters1h@wordpress.org,Female,164.41.200.66
55,Crawford,Daftor,cdaftor1i@quantcast.com,Male,86.198.137.131
56,Lindy,Itchingham,litchingham1j@surveymonkey.com,Female,215.73.155.229
57,Hedvige,Nono,hnono1k@goodreads.com,Female,24.180.169.163
58,Garrot,Sambell,gsambell1l@nymag.com,Male,206.60.138.82
59,Cyril,Dowderswell,cdowderswell1m@ning.com,Male,121.198.138.119
60,Horton,Castagnier,hcastagnier1n@ted.com,Male,174.65.92.155
61,Virgie,Nutman,vnutman1o@buzzfeed.com,Female,141.180.233.121
62,Marna,Lucian,mlucian1p@nature.com,Female,190.151.124.239
63,Yves,Stalley,ystalley1q@php.net,Male,134.214.202.156
64,Sollie,Do Rosario,sdorosario1r@mail.ru,Male,119.228.218.255
65,Clemmy,Emblen,cemblen1s@intel.com,Male,121.199.237.112
66,Rustin,Bownass,rbownass1t@ucoz.com,Non-binary,230.76.122.75
67,Tiffani,Semble,tsemble1u@stumbleupon.com,Female,137.230.128.237
68,Bastian,Barnett,bbarnett1v@ft.com,Male,207.55.53.133
69,Sande,Le Fleming,slefleming1w@ask.com,Female,220.176.179.130
70,Walden,Brockhurst,wbrockhurst1x@theatlantic.com,Male,83.89.38.104
71,Bruno,Davydkov,bdavydkov1y@dagondesign.com,Male,92.215.245.100
72,Cordy,Thurlby,cthurlby1z@vimeo.com,Male,188.80.94.204
73,Dill,Sergison,dsergison20@free.fr,Male,232.230.209.231
74,Davie,Matusson,dmatusson21@harvard.edu,Male,252.195.187.210
75,Izabel,Hassey,ihassey22@earthlink.net,Female,120.57.152.109
76,Zelda,Shingler,zshingler23@hibu.com,Agender,148.217.27.176
77,Madeline,Favell,mfavell24@fema.gov,Female,118.18.101.122
78,Kylie,Rannie,krannie25@jugem.jp,Male,164.132.208.201
79,Bryn,Ettery,bettery26@pbs.org,Female,111.141.100.47
80,Carlota,Eye,ceye27@e-recht24.de,Female,10.113.5.147
81,Frederigo,O'Mailey,fomailey28@ocn.ne.jp,Male,185.3.114.28
82,Clarette,Tiplady,ctiplady29@amazon.co.uk,Non-binary,118.248.163.47
83,Camella,Womersley,cwomersley2a@spotify.com,Female,154.13.45.166
84,Danell,Probbings,dprobbings2b@gravatar.com,Female,166.92.176.186
85,Bondon,Liebermann,bliebermann2c@nifty.com,Male,4.180.180.95
86,Rosaleen,Freeburn,rfreeburn2d@cmu.edu,Female,227.162.66.215
87,Tyne,Warr,twarr2e@home.pl,Female,182.61.172.10
88,Flor,Petricek,fpetricek2f@samsung.com,Female,198.100.135.217
89,Delora,Blaes,dblaes2g@altervista.org,Female,25.255.49.126
90,Modestine,Emmert,memmert2h@cam.ac.uk,Female,212.170.112.189
91,Mollie,Tinker,mtinker2i@nba.com,Female,46.216.167.221
92,Leonore,Castellanos,lcastellanos2j@wix.com,Female,162.31.13.133
93,Germain,Mart,gmart2k@tumblr.com,Female,130.90.29.49
94,Jayme,Ivashchenko,jivashchenko2l@apache.org,Male,152.165.42.82
95,Torrin,Aleksankov,taleksankov2m@feedburner.com,Male,236.205.167.212
96,Kristal,Piddle,kpiddle2n@g.co,Female,176.152.255.251
97,Dallon,Romanini,dromanini2o@army.mil,Male,97.144.120.209
98,Tiphani,Beaman,tbeaman2p@youtu.be,Female,1.21.35.140
99,Bernadene,Tarbatt,btarbatt2q@cnet.com,Female,179.93.253.81
100,Osmund,Long,olong2r@oracle.com,Male,242.69.121.51
101,Zeb,Paramor,zparamor2s@sohu.com,Male,84.72.169.78
102,Alley,Folan,afolan2t@phpbb.com,Male,88.234.220.178
103,Reube,Eaken,reaken2u@umich.edu,Male,228.179.79.143
104,Sean,Bynert,sbynert2v@skype.com,Female,229.51.189.125
105,Edd,Mellings,emellings2w@narod.ru,Male,171.234.3.44
106,Walsh,Hoble,whoble2x@hatena.ne.jp,Male,1.43.136.255
107,Frank,Choupin,fchoupin2y@imageshack.us,Male,247.227.28.69
108,Lorant,Geck,lgeck2z@yellowpages.com,Male,14.228.34.85
109,Shell,Kohnen,skohnen30@mapy.cz,Male,183.150.166.169
110,Bobette,Phipson,bphipson31@pbs.org,Female,182.166.138.190
111,Aylmer,Flamank,aflamank32@mapquest.com,Male,232.48.162.231
112,Reed,Aharoni,raharoni33@dedecms.com,Male,91.62.8.161
113,Lauren,Elvy,lelvy34@huffingtonpost.com,Female,146.32.112.236
114,Myrtie,Clell,mclell35@macromedia.com,Female,126.203.56.215
115,Arie,Agron,aagron36@g.co,Male,223.17.143.101
116,Susann,Crankhorn,scrankhorn37@diigo.com,Female,163.185.250.238
117,Chrystal,Guitte,cguitte38@nasa.gov,Female,171.130.62.165
118,Darrel,Lapre,dlapre39@guardian.co.uk,Male,73.30.74.133
119,Wiley,Guyonneau,wguyonneau3a@ycombinator.com,Male,170.236.118.211
120,Quintina,Hewertson,qhewertson3b@mashable.com,Female,236.64.21.79
121,Derrek,Mansbridge,dmansbridge3c@friendfeed.com,Male,167.175.159.214
122,Jenilee,Pharaoh,jpharaoh3d@epa.gov,Female,217.226.167.236
123,Vern,Grimme,vgrimme3e@tiny.cc,Male,31.131.206.199
124,Jens,Williamson,jwilliamson3f@issuu.com,Male,138.97.220.108
125,Abbye,Faveryear,afaveryear3g@oaic.gov.au,Female,108.18.245.235
126,Andrej,Gladhill,agladhill3h@cpanel.net,Male,177.154.17.26
127,Dominick,Sterrick,dsterrick3i@ycombinator.com,Male,250.192.98.86
128,Ashlie,O'Brogan,aobrogan3j@ucoz.ru,Female,7.156.45.42
129,Agace,Lacroutz,alacroutz3k@ucoz.ru,Female,185.23.47.219
130,Querida,Allward,qallward3l@linkedin.com,Female,64.185.206.253
131,Alfie,Banger,abanger3m@yelp.com,Female,160.177.79.236
132,Kalil,Simkiss,ksimkiss3n@netscape.com,Male,185.6.118.222
133,Charin,Goor,cgoor3o@washington.edu,Female,49.66.123.89
134,Virgilio,Triplett,vtriplett3p@washington.edu,Male,153.122.113.229
135,Axe,Loftus,aloftus3q@1und1.de,Male,248.51.67.70
136,Lynn,Newby,lnewby3r@bluehost.com,Male,9.51.2.198
137,Rosalind,Hallstone,rhallstone3s@hud.gov,Female,72.179.119.240
138,Bastien,Olyunin,bolyunin3t@bbc.co.uk,Male,99.184.59.31
139,Clarisse,Pregel,cpregel3u@canalblog.com,Female,137.234.134.21
140,Sam,Mitchley,smitchley3v@gravatar.com,Agender,205.189.10.74
141,Fawnia,Julyan,fjulyan3w@tumblr.com,Female,242.166.120.39
142,Barth,Etienne,betienne3x@squarespace.com,Male,161.18.200.173
143,Leicester,Crowd,lcrowd3y@quantcast.com,Male,127.2.138.171
144,Finley,Mattiussi,fmattiussi3z@cdbaby.com,Male,140.23.195.214
145,Flory,Kobelt,fkobelt40@smugmug.com,Polygender,37.210.204.240
146,Garreth,Imort,gimort41@github.com,Male,104.86.1.201
147,Ivett,Masi,imasi42@altervista.org,Female,213.108.194.148
148,Abdul,Shilvock,ashilvock43@ow.ly,Genderqueer,6.84.243.229
149,Candide,Ende,cende44@blogtalkradio.com,Female,196.90.85.101
150,Wald,Melvin,wmelvin45@icio.us,Male,128.194.85.194
151,Rick,Northage,rnorthage46@gravatar.com,Male,27.53.18.81
152,Clement,Staten,cstaten47@wunderground.com,Male,20.142.235.41
153,Tomkin,Gorhardt,tgorhardt48@economist.com,Male,136.162.163.31
154,Georgie,Scardifield,gscardifield49@addtoany.com,Non-binary,24.183.86.248
155,Alphonso,Myderscough,amyderscough4a@ask.com,Male,45.139.160.125
156,Dicky,Sparke,dsparke4b@exblog.jp,Male,84.141.198.202
157,Galvan,Challen,gchallen4c@yandex.ru,Male,53.163.43.160
158,Ebeneser,Stucksbury,estucksbury4d@zimbio.com,Male,201.148.135.140
159,Philly,Greenroad,pgreenroad4e@google.com,Female,31.90.224.69
160,Nollie,Dunklee,ndunklee4f@bing.com,Female,52.59.255.189
161,Sande,Ramey,sramey4g@storify.com,Female,216.45.57.122
162,Jerrold,Andrin,jandrin4h@goo.gl,Male,242.145.6.137
163,Kayne,Farnin,kfarnin4i@yahoo.co.jp,Male,184.63.144.144
164,Levi,Matcham,lmatcham4j@4shared.com,Male,93.62.233.77
165,Leone,Morrish,lmorrish4k@senate.gov,Female,18.222.190.246
166,Madlen,Castanaga,mcastanaga4l@wufoo.com,Female,93.224.18.246
167,Beverlee,Stuchberry,bstuchberry4m@163.com,Female,241.91.112.111
168,Zollie,Marritt,zmarritt4n@mit.edu,Non-binary,166.92.58.21
169,Lishe,Metzel,lmetzel4o@blogspot.com,Female,170.245.216.82
170,Freddi,Kesten,fkesten4p@ustream.tv,Female,118.225.44.95
171,Kitty,Fearey,kfearey4q@va.gov,Female,239.221.228.28
172,Chicky,Dinnage,cdinnage4r@fastcompany.com,Female,211.26.108.12
173,Merle,Jehaes,mjehaes4s@posterous.com,Male,215.191.233.28
174,Cordell,Main,cmain4t@jiathis.com,Male,121.71.33.73
175,Tucky,Davitti,tdavitti4u@comsenz.com,Polygender,135.79.244.228
176,Efren,Vergine,evergine4v@nps.gov,Male,215.244.36.18
177,Ludovika,Tregea,ltregea4w@gravatar.com,Female,202.29.139.223
178,Prince,Braz,pbraz4x@hc360.com,Male,15.226.16.92
179,Pavla,Dossett,pdossett4y@scribd.com,Female,18.161.113.76
180,Dov,MacAllester,dmacallester4z@huffingtonpost.com,Male,71.16.105.50
181,Cassi,Alonso,calonso50@biblegateway.com,Female,200.27.108.119
182,Evonne,Carman,ecarman51@de.vu,Female,163.177.18.161
183,Abraham,Pelosi,apelosi52@globo.com,Genderfluid,90.183.41.215
184,Elvera,Pilling,epilling53@foxnews.com,Female,153.90.90.47
185,Jermaine,Piddletown,jpiddletown54@exblog.jp,Male,67.75.248.12
186,Saundra,Cowpertwait,scowpertwait55@dyndns.org,Male,208.97.83.84
187,Barthel,Simonot,bsimonot56@webnode.com,Male,28.222.3.138
188,Ambrosi,Thor,athor57@tripod.com,Male,231.31.103.213
189,Mildred,Gioan,mgioan58@mozilla.com,Female,89.121.35.138
190,Loella,Fleming,lfleming59@vistaprint.com,Female,55.62.64.204
191,Jeannette,Dyneley,jdyneley5a@illinois.edu,Female,57.11.219.11
192,Elicia,De la Yglesia,edelayglesia5b@bbc.co.uk,Female,37.90.118.67
193,Guenna,Fayer,gfayer5c@npr.org,Female,162.117.22.171
194,Kissee,Haycox,khaycox5d@1und1.de,Female,240.213.171.168
195,Theresina,Tippings,ttippings5e@yahoo.com,Female,33.205.132.244
196,Murray,Puckham,mpuckham5f@harvard.edu,Male,86.43.78.28
197,Deanne,Grisdale,dgrisdale5g@samsung.com,Female,176.106.217.54
198,Krisha,Vaudrey,kvaudrey5h@pbs.org,Male,158.93.0.44
199,Cristine,Fellona,cfellona5i@skyrock.com,Female,217.45.131.132
200,Padget,Ardron,pardron5j@icq.com,Male,69.140.132.225
201,Robinette,Compton,rcompton5k@chron.com,Female,205.106.51.87
202,Gordan,Vinsen,gvinsen5l@dmoz.org,Male,36.238.4.234
203,Carmina,Boddice,cboddice5m@furl.net,Female,49.42.232.238
204,Tamma,Treece,ttreece5n@aol.com,Female,77.196.130.46
205,Larisa,Isitt,lisitt5o@soundcloud.com,Female,26.121.38.124
206,Bartholomew,Atwell,batwell5p@mediafire.com,Male,106.1.146.4
207,Luis,Benitez,lbenitez5q@vkontakte.ru,Male,70.204.143.179
208,Feodor,Mulvaney,fmulvaney5r@feedburner.com,Male,25.128.9.173
209,Ambros,Wreiford,awreiford5s@furl.net,Male,117.242.32.26
210,Ebonee,Simacek,esimacek5t@cnbc.com,Female,37.114.112.194
211,Keane,Sibson,ksibson5u@a8.net,Male,7.96.201.127
212,Kissiah,McIlwrath,kmcilwrath5v@storify.com,Female,221.107.214.117
213,Thurston,Fenge,tfenge5w@drupal.org,Male,205.26.248.79
214,Natalina,Christoforou,nchristoforou5x@washington.edu,Female,214.200.117.59
215,Ingemar,Kenen,ikenen5y@theatlantic.com,Male,180.101.218.53
216,Juliane,Clyant,jclyant5z@ehow.com,Female,209.228.182.51
217,Mellisa,Quidenham,mquidenham60@blogtalkradio.com,Female,6.194.241.55
218,Morgan,Bruffell,mbruffell61@google.co.uk,Male,98.216.119.61
219,Kristal,Spawforth,kspawforth62@washington.edu,Female,153.46.251.255
220,Sher,Walak,swalak63@tripadvisor.com,Agender,197.104.73.213
221,Kania,Fould,kfould64@youtu.be,Female,69.231.37.173
222,Rochelle,Kleinholz,rkleinholz65@forbes.com,Female,228.167.227.61
223,Cassius,Gumbley,cgumbley66@prlog.org,Male,178.56.180.255
224,Mab,Ridd,mridd67@forbes.com,Female,159.175.98.132
225,Tracey,Carillo,tcarillo68@cdbaby.com,Male,41.133.45.237
226,Kathie,Crole,kcrole69@xinhuanet.com,Agender,110.5.117.198
227,Milo,Pre,mpre6a@baidu.com,Non-binary,219.99.175.206
228,Kara,Galfour,kgalfour6b@gov.uk,Female,226.236.7.202
229,Britt,Smerdon,bsmerdon6c@nature.com,Male,54.130.250.60
230,Niels,Whelan,nwhelan6d@drupal.org,Male,126.240.101.151
231,Fallon,Lunbech,flunbech6e@bluehost.com,Female,175.181.212.101
232,Alanson,Alloway,aalloway6f@gmpg.org,Male,247.195.25.70
233,Elvyn,Vaillant,evaillant6g@google.co.jp,Male,55.134.11.19
234,Shauna,Black,sblack6h@delicious.com,Female,43.157.202.165
235,Wilhelmina,Dengel,wdengel6i@xinhuanet.com,Polygender,60.183.217.92
236,Lonnie,Fidler,lfidler6j@sohu.com,Female,102.103.110.3
237,Vevay,Nequest,vnequest6k@wikipedia.org,Female,229.113.66.157
238,Nancey,Djorvic,ndjorvic6l@nasa.gov,Female,7.125.211.246
239,Rodina,Camacke,rcamacke6m@mediafire.com,Female,21.164.122.137
240,Vivyanne,Elcock,velcock6n@dedecms.com,Non-binary,171.102.179.62
241,Blanch,Bursnoll,bbursnoll6o@desdev.cn,Genderfluid,72.196.59.96
242,Allianora,Twist,atwist6p@1688.com,Female,50.29.174.43
243,Vasilis,Lasslett,vlasslett6q@amazon.co.jp,Polygender,61.218.107.107
244,Hernando,Botterill,hbotterill6r@bloglines.com,Male,237.75.76.15
245,Celina,Kalberer,ckalberer6s@jimdo.com,Female,231.251.49.170
246,Curt,Jerche,cjerche6t@furl.net,Male,79.243.115.215
247,Lyndsie,Shepheard,lshepheard6u@oaic.gov.au,Female,51.209.161.90
248,Lucita,McLean,lmclean6v@businesswire.com,Female,128.16.165.81
249,Ewart,Hoggins,ehoggins6w@cisco.com,Male,133.25.41.62
250,Marlene,Cuthill,mcuthill6x@pagesperso-orange.fr,Female,111.156.105.216
251,Berget,Gates,bgates6y@aboutads.info,Female,190.121.234.202
252,Blair,Trownson,btrownson6z@ask.com,Genderqueer,148.161.233.67
253,Alex,Luisetti,aluisetti70@elpais.com,Agender,200.71.48.190
254,Elston,Scardafield,escardafield71@google.ca,Male,134.202.50.116
255,Miof mela,Michelet,mmichelet72@lulu.com,Female,199.223.79.144
256,Lindi,Ilyas,lilyas73@army.mil,Agender,137.128.210.100
257,Alberta,Jeppe,ajeppe74@ft.com,Female,162.141.185.71
258,Talyah,Peschmann,tpeschmann75@shinystat.com,Female,215.157.153.10
259,Joete,Lannon,jlannon76@eventbrite.com,Female,95.237.142.147
260,Rosina,Furzer,rfurzer77@intel.com,Female,118.90.63.205
261,Kaylee,Ferentz,kferentz78@privacy.gov.au,Female,79.224.138.167
262,Nola,Girardeau,ngirardeau79@goo.gl,Female,113.0.73.86
263,Leonore,Hallowes,lhallowes7a@php.net,Female,248.57.75.19
264,Donielle,Flucks,dflucks7b@topsy.com,Female,149.243.81.60
265,Jock,Monte,jmonte7c@foxnews.com,Male,56.232.73.198
266,Ned,Cawt,ncawt7d@webmd.com,Male,231.254.168.84
267,Kettie,Grunwall,kgrunwall7e@simplemachines.org,Female,255.255.4.239
268,Fin,Herreran,fherreran7f@devhub.com,Male,117.124.129.53
269,Demetris,Clamp,dclamp7g@nationalgeographic.com,Male,129.133.98.211
270,Aguste,Beneyto,abeneyto7h@umich.edu,Male,158.244.66.15
271,Archer,Baverstock,abaverstock7i@amazonaws.com,Male,160.92.164.169
272,Huntley,Mildner,hmildner7j@cyberchimps.com,Genderfluid,90.166.222.80
273,Elias,MacLucais,emaclucais7k@goodreads.com,Male,233.181.89.186
274,Quinn,Wadhams,qwadhams7l@weather.com,Female,30.31.95.196
275,Lira,Holby,lholby7m@com.com,Female,12.190.147.46
276,Berget,Riche,briche7n@cbc.ca,Female,231.155.107.46
277,Blake,Matiebe,bmatiebe7o@fc2.com,Male,50.235.205.132
278,Nilson,Rapps,nrapps7p@reference.com,Bigender,165.247.146.116
279,Pennie,Gentry,pgentry7q@freewebs.com,Male,34.143.156.67
280,Alia,De Giorgio,adegiorgio7r@cdc.gov,Female,92.236.193.135
281,Sanders,Belli,sbelli7s@techcrunch.com,Male,243.124.109.148
282,Forster,Carwithim,fcarwithim7t@oracle.com,Male,99.233.57.89
283,Jesse,Berston,jberston7u@nasa.gov,Male,97.250.153.249
284,Norine,Douthwaite,ndouthwaite7v@dailymotion.com,Female,135.150.128.116
285,Malanie,Crooke,mcrooke7w@flickr.com,Female,154.125.19.178
286,Marie-ann,Petworth,mpetworth7x@tumblr.com,Female,116.229.117.88
287,Franz,Rossant,frossant7y@cbc.ca,Non-binary,254.44.92.221
288,Gianina,Pinder,gpinder7z@joomla.org,Female,6.9.40.213
289,Avigdor,Coutts,acoutts80@eventbrite.com,Male,127.241.21.202
290,Laurence,Jacqueminot,ljacqueminot81@mapy.cz,Male,227.171.21.12
291,Arabela,Steere,asteere82@fotki.com,Female,164.8.68.100
292,Terza,Goodnow,tgoodnow83@army.mil,Female,202.224.198.67
293,Zared,Cartmell,zcartmell84@shinystat.com,Male,177.169.179.106
294,Filberto,Lindhe,flindhe85@stumbleupon.com,Male,113.86.173.154
295,Gilbert,Delete,gdelete86@scribd.com,Male,239.204.201.30
296,Talyah,Emlen,temlen87@nih.gov,Female,209.187.117.49
297,Laryssa,Metcalfe,lmetcalfe88@hatena.ne.jp,Female,82.214.83.188
298,Emlynn,Stuckford,estuckford89@meetup.com,Female,120.132.46.173
299,Richmond,Guage,rguage8a@hugedomains.com,Male,45.134.191.172
300,Cloris,Goodered,cgoodered8b@dot.gov,Female,105.153.36.201
301,Simon,McMyler,smcmyler8c@vimeo.com,Agender,64.232.244.140
302,Conrad,Huson,chuson8d@nytimes.com,Male,126.8.124.118
303,Kort,Kniveton,kkniveton8e@sohu.com,Male,232.248.136.193
304,Othilia,Goolden,ogoolden8f@si.edu,Female,154.183.167.121
305,Lorin,Mathewes,lmathewes8g@over-blog.com,Male,182.48.156.176
306,Leonerd,de Clerq,ldeclerq8h@mashable.com,Male,134.15.113.111
307,Kariotta,Cotilard,kcotilard8i@chron.com,Female,183.232.3.210
308,Tera,Jura,tjura8j@g.co,Female,34.33.146.196
309,Nadiya,Morison,nmorison8k@pinterest.com,Female,80.223.112.133
310,Charmine,Ledgister,cledgister8l@alibaba.com,Polygender,239.143.56.4
311,Neale,Durbin,ndurbin8m@yandex.ru,Male,194.20.131.102
312,Ninetta,Wainscoat,nwainscoat8n@friendfeed.com,Female,245.44.30.116
313,Dion,Villiers,dvilliers8o@salon.com,Female,249.69.1.49
314,Ambrose,Philippou,aphilippou8p@google.co.uk,Male,173.63.236.21
315,Zechariah,Annatt,zannatt8q@howstuffworks.com,Male,60.169.255.4
316,Ber,Knowlson,bknowlson8r@delicious.com,Male,96.215.220.127
317,Farris,Janu,fjanu8s@amazon.de,Male,137.240.111.40
318,Marchall,Ebbutt,mebbutt8t@columbia.edu,Male,197.241.141.67
319,Ray,Froude,rfroude8u@storify.com,Female,128.116.146.144
320,Willy,Malamore,wmalamore8v@alexa.com,Bigender,84.167.125.39
321,Briano,Graver,bgraver8w@sciencedirect.com,Male,82.202.241.148
322,Ardys,Hannigane,ahannigane8x@fc2.com,Genderqueer,49.99.82.99
323,Anson,McCaughen,amccaughen8y@about.com,Agender,193.242.140.15
324,Bard,Yarnall,byarnall8z@msn.com,Male,146.98.126.190
325,Kaitlynn,Bullin,kbullin90@infoseek.co.jp,Female,78.103.166.164
326,Corie,Dechelle,cdechelle91@phoca.cz,Female,216.2.163.97
327,Heinrick,Eldridge,heldridge92@usatoday.com,Male,54.154.164.186
328,Kristyn,Giraudy,kgiraudy93@upenn.edu,Female,94.184.128.175
329,Josiah,Eakens,jeakens94@senate.gov,Male,182.41.92.128
330,Roxie,Maier,rmaier95@feedburner.com,Female,243.159.21.220
331,Berte,Steutly,bsteutly96@nyu.edu,Female,147.171.226.57
332,Jory,Bredgeland,jbredgeland97@naver.com,Male,8.46.196.132
333,Warden,Eggins,weggins98@lycos.com,Male,64.191.173.94
334,Brandie,Children,bchildren99@360.cn,Female,51.141.57.12
335,Linnet,Cammiemile,lcammiemile9a@fastcompany.com,Female,171.47.17.104
336,Kristofer,Meedendorpe,kmeedendorpe9b@nasa.gov,Male,126.81.207.64
337,Annabal,Salleir,asalleir9c@ed.gov,Non-binary,90.109.253.73
338,Madlin,Dunphy,mdunphy9d@businessweek.com,Female,143.126.66.47
339,Wilek,Pawson,wpawson9e@technorati.com,Genderqueer,49.176.123.96
340,Estrella,Hewkin,ehewkin9f@prweb.com,Female,3.121.145.99
341,Allene,Seiller,aseiller9g@howstuffworks.com,Female,37.69.119.212
342,Ricardo,Searby,rsearby9h@vinaora.com,Male,250.22.164.46
343,Wildon,Oxterby,woxterby9i@g.co,Bigender,96.177.188.104
344,Mikey,Walkden,mwalkden9j@nyu.edu,Male,201.225.147.254
345,Frankie,Prandi,fprandi9k@wordpress.org,Female,1.31.53.81
346,Gizela,Bryce,gbryce9l@hostgator.com,Female,238.237.63.251
347,Talyah,Condie,tcondie9m@spotify.com,Female,112.106.223.99
348,Nyssa,Fooks,nfooks9n@sun.com,Female,48.39.189.110
349,Dennet,Snozzwell,dsnozzwell9o@house.gov,Agender,13.245.192.246
350,Coretta,Nerger,cnerger9p@twitter.com,Female,70.163.48.83
351,Emiline,Haller,ehaller9q@xrea.com,Genderqueer,53.31.9.2
352,Annice,Willmore,awillmore9r@businessweek.com,Female,99.61.16.237
353,Andonis,Shwalbe,ashwalbe9s@tinyurl.com,Male,31.206.15.76
354,Charles,Mayoh,cmayoh9t@behance.net,Male,96.61.198.64
355,Wendel,Niles,wniles9u@house.gov,Male,73.202.106.108
356,Rhianon,Priden,rpriden9v@cargocollective.com,Genderfluid,103.108.42.111
357,Murray,Barthram,mbarthram9w@dion.ne.jp,Male,74.135.165.104
358,Merell,Golden,mgolden9x@eepurl.com,Genderqueer,175.225.173.241
359,Ursa,Mitchell,umitchell9y@gizmodo.com,Female,247.190.92.236
360,Stan,Gare,sgare9z@friendfeed.com,Male,55.4.110.49
361,Sandie,Jobes,sjobesa0@wikipedia.org,Genderqueer,244.250.226.182
362,Courtney,Duthy,cduthya1@ucoz.ru,Male,14.226.84.4
363,Minny,Grevatt,mgrevatta2@auda.org.au,Female,128.116.227.69
364,Carlee,Milliken,cmillikena3@live.com,Female,69.53.119.81
365,Maddy,Griffitt,mgriffitta4@ning.com,Female,200.25.248.192
366,Cornie,Harcase,charcasea5@biglobe.ne.jp,Female,51.133.155.254
367,Glenna,McGerraghty,gmcgerraghtya6@imgur.com,Genderfluid,213.90.132.68
368,Janet,O'Malley,jomalleya7@chronoengine.com,Female,219.149.185.197
369,Marylee,Servis,mservisa8@usda.gov,Female,227.116.151.194
370,Janaye,Fannon,jfannona9@npr.org,Female,101.190.96.81
371,Jaynell,Huyghe,jhuygheaa@webmd.com,Female,147.43.108.63
372,Lauren,Duester,lduesterab@telegraph.co.uk,Female,245.28.171.125
373,Avram,Deane,adeaneac@moonfruit.com,Non-binary,114.9.34.82
374,Mindy,Mountford,mmountfordad@google.fr,Agender,60.50.205.128
375,Gamaliel,Gensavage,ggensavageae@infoseek.co.jp,Male,15.250.63.190
376,Colin,Sudran,csudranaf@comsenz.com,Male,150.130.147.131
377,Lyndsey,Trewhitt,ltrewhittag@ebay.com,Female,69.217.98.41
378,Stacy,Odde,soddeah@topsy.com,Female,211.40.47.14
379,Blinny,Tomsa,btomsaai@blogger.com,Female,31.58.17.185
380,Melamie,Horsted,mhorstedaj@woothemes.com,Female,122.61.198.83
381,Robbie,Godney,rgodneyak@narod.ru,Male,238.21.151.75
382,Beltran,Liversidge,bliversidgeal@forbes.com,Male,84.50.39.156
383,Sela,Waghorn,swaghornam@japanpost.jp,Female,180.80.27.244
384,Cornelle,De Caroli,cdecarolian@answers.com,Female,17.231.82.16
385,Bobette,Chatwood,bchatwoodao@examiner.com,Female,14.179.161.253
386,Mycah,Bladon,mbladonap@admin.ch,Male,101.116.2.244
387,Olag,Mc Carroll,omccarrollaq@rakuten.co.jp,Male,243.239.199.148
388,Freedman,Onthank,fonthankar@booking.com,Male,175.60.74.107
389,Osgood,Lambertz,olambertzas@army.mil,Male,13.34.154.75
390,Simeon,Cockshott,scockshottat@tiny.cc,Male,94.239.54.79
391,Keslie,Haith,khaithau@disqus.com,Agender,19.19.202.119
392,Desi,Chatenet,dchatenetav@globo.com,Bigender,88.47.112.18
393,Frederic,Crotch,fcrotchaw@unc.edu,Male,244.161.70.111
394,Ofilia,Coulthard,ocoulthardax@blinklist.com,Female,24.85.28.90
395,Morgan,Statefield,mstatefielday@paginegialle.it,Male,31.58.241.25
396,Zaria,Wyon,zwyonaz@usgs.gov,Female,76.108.83.220
397,Leisha,Cawthery,lcawtheryb0@hud.gov,Female,135.119.207.206
398,Gran,Ketton,gkettonb1@hhs.gov,Male,159.92.136.41
399,Vanni,Ilyushkin,vilyushkinb2@ustream.tv,Female,237.183.115.186
400,Dierdre,Daniaud,ddaniaudb3@auda.org.au,Female,99.137.119.214
401,Garrard,Clemonts,gclemontsb4@opera.com,Male,239.210.202.210
402,Annamarie,Meecher,ameecherb5@yellowpages.com,Female,3.32.70.9
403,Greta,Badini,gbadinib6@ucla.edu,Female,150.125.145.236
404,Rebeka,Mannie,rmannieb7@paginegialle.it,Female,103.198.250.63
405,Petronia,Horlick,phorlickb8@mozilla.org,Female,143.12.34.62
406,Winfred,Rule,wruleb9@wufoo.com,Male,62.8.67.149
407,Minne,Carswell,mcarswellba@economist.com,Female,229.216.113.28
408,Valeda,Jeandel,vjeandelbb@squarespace.com,Female,237.143.7.207
409,Belicia,Schukraft,bschukraftbc@ted.com,Female,134.208.224.215
410,Gui,Khan,gkhanbd@elegantthemes.com,Female,70.39.244.117
411,Kacey,Barlace,kbarlacebe@multiply.com,Female,29.122.39.156
412,Ash,Walton,awaltonbf@hhs.gov,Male,57.28.59.41
413,Delcina,Churchill,dchurchillbg@icio.us,Female,76.161.163.103
414,Oralle,Leavold,oleavoldbh@narod.ru,Female,25.15.247.187
415,Casar,Woolvin,cwoolvinbi@cbslocal.com,Male,180.172.123.79
416,Cristie,Abramin,cabraminbj@wordpress.com,Female,31.198.130.16
417,Sherwood,Lahrs,slahrsbk@creativecommons.org,Male,31.51.103.233
418,Aurea,Bremner,abremnerbl@ucoz.com,Female,157.149.251.154
419,Meir,Dunmore,mdunmorebm@usatoday.com,Male,61.3.102.212
420,Etti,Fowells,efowellsbn@fda.gov,Agender,240.223.239.80
421,Renee,Houselee,rhouseleebo@xing.com,Female,201.61.172.43
422,Janean,Newbold,jnewboldbp@tumblr.com,Female,26.10.128.118
423,Karina,Bleckly,kblecklybq@oaic.gov.au,Female,162.100.78.99
424,Angus,Gyles,agylesbr@ifeng.com,Male,181.192.226.135
425,Worden,Cuss,wcussbs@engadget.com,Non-binary,184.205.35.164
426,Christalle,Kores,ckoresbt@mayoclinic.com,Female,142.211.143.236
427,Cherilynn,Caile,ccailebu@statcounter.com,Genderqueer,94.65.116.69
428,Ruthe,Noirel,rnoirelbv@bloglines.com,Female,188.89.183.159
429,Shelton,Olensby,solensbybw@php.net,Male,158.206.172.185
430,Matti,Embleton,membletonbx@ask.com,Female,196.131.167.120
431,Devin,Oty,dotyby@ftc.gov,Female,52.238.74.232
432,Odey,Cordery,ocorderybz@ycombinator.com,Bigender,115.17.251.77
433,Meryl,Tomet,mtometc0@jigsy.com,Male,217.62.219.228
434,Allan,Lonsbrough,alonsbroughc1@google.it,Male,172.115.192.37
435,Sandie,Pover,spoverc2@about.com,Female,168.172.84.21
436,Teena,Woolmore,twoolmorec3@behance.net,Polygender,202.76.56.27
437,Lil,Leathlay,lleathlayc4@gizmodo.com,Female,51.144.118.3
438,Dani,Tripett,dtripettc5@deliciousdays.com,Male,170.236.222.52
439,Ashlin,Bursnoll,abursnollc6@clickbank.net,Male,254.112.99.8
440,Gabey,Wager,gwagerc7@domainmarket.com,Female,3.88.123.49
441,Brinn,Jenteau,bjenteauc8@zdnet.com,Female,153.248.178.44
442,Ellie,Rackstraw,erackstrawc9@java.com,Female,25.119.222.98
443,Dennet,Sambiedge,dsambiedgeca@mapy.cz,Polygender,205.120.94.53
444,Adorne,Jinks,ajinkscb@ezinearticles.com,Female,180.77.13.60
445,Koren,Smallthwaite,ksmallthwaitecc@japanpost.jp,Female,245.59.132.198
446,Jeremias,Waldren,jwaldrencd@slideshare.net,Male,147.45.200.103
447,Chaddy,Beels,cbeelsce@aboutads.info,Male,10.12.9.5
448,Riva,Rainton,rraintoncf@istockphoto.com,Female,253.101.210.47
449,Tedda,Manifould,tmanifouldcg@google.nl,Female,109.160.28.31
450,Barbabas,Montgomery,bmontgomerych@auda.org.au,Male,132.211.201.150
451,Eba,Lesley,elesleyci@europa.eu,Female,232.34.97.137
452,Halsy,Bowhay,hbowhaycj@odnoklassniki.ru,Male,5.150.21.247
453,Leandra,Bounds,lboundsck@t-online.de,Female,230.75.199.160
454,Daphne,Lawles,dlawlescl@tuttocitta.it,Female,178.84.128.160
455,Billi,Caulfield,bcaulfieldcm@omniture.com,Genderqueer,185.133.167.114
456,Noami,Penhaligon,npenhaligoncn@wordpress.org,Female,164.53.182.12
457,Jen,Di Roberto,jdirobertoco@booking.com,Female,228.89.97.95
458,Phillip,Mardle,pmardlecp@51.la,Male,23.121.54.39
459,Zechariah,Jaksic,zjaksiccq@etsy.com,Male,193.9.196.96
460,Gennifer,Pampling,gpamplingcr@newyorker.com,Female,163.202.87.41
461,My,Classen,mclassencs@cnet.com,Male,136.120.146.143
462,Mathilda,Seiler,mseilerct@earthlink.net,Female,213.96.24.247
463,Shadow,Eccersley,seccersleycu@bloglovin.com,Non-binary,157.211.108.236
464,Land,Neward,lnewardcv@discuz.net,Male,159.193.93.208
465,Athene,Greaterex,agreaterexcw@patch.com,Female,241.177.22.93
466,Felicdad,Wallace,fwallacecx@1688.com,Female,158.76.142.94
467,Sammy,Pavlata,spavlatacy@jalbum.net,Female,85.43.47.11
468,Thorvald,Cliburn,tcliburncz@wired.com,Male,83.144.174.168
469,Tadeo,Starbucke,tstarbucked0@bloomberg.com,Polygender,170.190.7.85
470,Mirabella,Rettie,mrettied1@house.gov,Female,190.181.167.169
471,Isidoro,Degenhardt,idegenhardtd2@stanford.edu,Genderqueer,194.213.114.241
472,Ravi,Hallede,rhalleded3@domainmarket.com,Male,1.9.168.22
473,Harriot,Rusling,hruslingd4@themeforest.net,Female,212.23.79.164
474,Frances,Kadwallider,fkadwalliderd5@issuu.com,Female,74.167.100.171
475,Lucky,Cruttenden,lcruttendend6@imgur.com,Female,255.240.240.98
476,Shepherd,Junkinson,sjunkinsond7@paginegialle.it,Bigender,24.114.231.91
477,Lind,Kubis,lkubisd8@angelfire.com,Male,84.24.173.199
478,Bobbi,Dougary,bdougaryd9@latimes.com,Female,172.82.186.66
479,Thelma,Durrad,tdurradda@dell.com,Female,106.11.76.253
480,Joanie,Jest,jjestdb@123-reg.co.uk,Female,140.237.155.187
481,Taylor,Gentreau,tgentreaudc@ucsd.edu,Male,228.25.123.174
482,Ferdy,Frizell,ffrizelldd@unesco.org,Male,141.67.186.14
483,Humfrid,Celand,hcelandde@1688.com,Male,21.87.207.85
484,Charlie,Spennock,cspennockdf@ovh.net,Agender,193.37.53.128
485,Leesa,Hadrill,lhadrilldg@paypal.com,Polygender,225.181.62.178
486,Bobbe,Laughlin,blaughlindh@ning.com,Female,228.242.95.201
487,Hurlee,Reboul,hrebouldi@nhs.uk,Male,198.78.68.149
488,Pier,Parkins,pparkinsdj@liveinternet.ru,Female,188.171.104.150
489,Jeremy,Odeson,jodesondk@twitpic.com,Male,61.28.95.182
490,Prentice,Garvill,pgarvilldl@purevolume.com,Male,247.66.215.98
491,Devland,Grosvener,dgrosvenerdm@oaic.gov.au,Male,180.0.181.138
492,Raphael,Caulcutt,rcaulcuttdn@about.me,Male,41.1.140.255
493,Jarrett,Cafe,jcafedo@europa.eu,Male,240.119.247.112
494,Willis,Gilardi,wgilardidp@4shared.com,Male,167.117.0.91
495,Tremayne,Kelf,tkelfdq@gizmodo.com,Male,214.46.85.238
496,Ibbie,Mellsop,imellsopdr@dailymotion.com,Female,184.167.210.19
497,Jemimah,Fraine,jfraineds@paypal.com,Female,25.13.110.110
498,Ethelyn,Chastelain,echastelaindt@stanford.edu,Female,57.212.16.125
499,Cosetta,Croci,ccrocidu@cdbaby.com,Female,169.223.164.123
500,Atlante,Neate,aneatedv@gov.uk,Female,94.252.248.180
501,Ede,McIlreavy,emcilreavydw@wordpress.com,Female,30.163.164.213
502,Sidney,Balma,sbalmadx@army.mil,Male,208.2.154.119
503,Elle,Puckrin,epuckrindy@redcross.org,Genderfluid,75.138.83.166
504,Codie,Paynes,cpaynesdz@webnode.com,Female,55.1.214.247
505,Ninnetta,Pollitt,npollitte0@goo.gl,Female,195.217.9.43
506,Murry,Hamberston,mhamberstone1@gizmodo.com,Male,57.250.204.68
507,Gabby,McKeighen,gmckeighene2@si.edu,Male,158.245.243.4
508,Torin,Jurgenson,tjurgensone3@tuttocitta.it,Male,125.205.203.224
509,Xenia,Autin,xautine4@amazon.co.uk,Female,210.64.149.88
510,Reuben,MacElroy,rmacelroye5@parallels.com,Male,121.139.244.12
511,Skell,Lyal,slyale6@npr.org,Male,204.219.205.134
512,Farand,Thoms,fthomse7@yellowbook.com,Female,231.84.227.170
513,Anne-marie,Dubbin,adubbine8@cafepress.com,Female,7.71.95.249
514,Sheena,Old,solde9@webeden.co.uk,Female,69.5.23.4
515,Terrill,Jursch,tjurschea@blogger.com,Male,17.201.193.240
516,Kendall,Vanderson,kvandersoneb@indiegogo.com,Male,222.56.61.54
517,Eugenia,Kerrod,ekerrodec@edublogs.org,Female,14.182.22.229
518,Angelina,Tinsley,atinsleyed@cbc.ca,Female,197.110.63.224
519,Angie,Tanser,atanseree@unc.edu,Female,210.150.216.180
520,Bennie,Faye,bfayeef@google.de,Male,73.134.149.164
521,Antonia,Mushrow,amushroweg@artisteer.com,Female,64.100.113.7
522,Sabrina,Champ,schampeh@ox.ac.uk,Female,115.230.158.221
523,Amalie,Wynter,awynterei@jigsy.com,Female,164.44.208.125
524,Brynn,Lisciardelli,blisciardelliej@biglobe.ne.jp,Female,127.142.174.242
525,Octavius,Scawen,oscawenek@dagondesign.com,Bigender,28.41.84.213
526,Hurley,Reynolds,hreynoldsel@google.nl,Male,85.83.88.200
527,Hertha,Alp,halpem@twitpic.com,Female,111.186.14.108
528,Caryn,Toop,ctoopen@tumblr.com,Female,226.110.36.156
529,Sax,Aubrey,saubreyeo@independent.co.uk,Male,188.36.241.99
530,Loraine,Goodall,lgoodallep@quantcast.com,Female,170.25.189.150
531,Myrwyn,Coulthard,mcoulthardeq@apache.org,Male,233.208.47.192
532,Fonzie,Napolitano,fnapolitanoer@drupal.org,Male,118.196.245.183
533,Patton,Cantua,pcantuaes@cafepress.com,Male,39.76.133.48
534,Donnamarie,McCoughan,dmccoughanet@go.com,Female,144.49.152.66
535,Nessi,Uttridge,nuttridgeeu@tinypic.com,Female,13.229.59.130
536,Scotti,Lampens,slampensev@desdev.cn,Male,127.184.190.225
537,Tanhya,Northgraves,tnorthgravesew@newsvine.com,Genderfluid,255.166.87.13
538,Henri,Buddington,hbuddingtonex@rambler.ru,Genderqueer,80.124.130.251
539,Arabele,Twitty,atwittyey@indiegogo.com,Female,8.34.144.181
540,Ardys,Popple,apoppleez@joomla.org,Female,130.226.14.227
541,Deina,Leale,dlealef0@skype.com,Female,38.144.94.45
542,Johny,Dickens,jdickensf1@google.nl,Male,164.88.23.103
543,Glenda,Baumert,gbaumertf2@zdnet.com,Female,124.58.8.128
544,Walt,Ellicock,wellicockf3@intel.com,Male,86.130.21.38
545,Hoyt,Blaschek,hblaschekf4@telegraph.co.uk,Male,129.215.205.104
546,Inesita,Nelane,inelanef5@slate.com,Female,163.41.144.194
547,Baron,Dagnall,bdagnallf6@ftc.gov,Male,205.127.252.125
548,Aluino,Golds,agoldsf7@blogger.com,Male,21.66.203.153
549,Vanna,McGuinness,vmcguinnessf8@angelfire.com,Female,192.45.41.178
550,Ellene,McTavish,emctavishf9@bluehost.com,Female,23.230.222.109
551,Guglielmo,Banner,gbannerfa@nps.gov,Male,78.19.218.182
552,Odetta,Kempshall,okempshallfb@eepurl.com,Bigender,156.111.173.165
553,Emmi,Franzen,efranzenfc@mozilla.org,Female,32.158.36.205
554,Lara,Veryan,lveryanfd@amazon.co.uk,Female,111.186.47.48
555,Andrea,Stillgoe,astillgoefe@amazonaws.com,Female,140.50.97.198
556,Vivianne,Ringe,vringeff@delicious.com,Female,34.3.19.249
557,Laney,Held,lheldfg@paginegialle.it,Female,121.165.45.94
558,Nilson,Whenham,nwhenhamfh@biblegateway.com,Male,188.215.35.225
559,Elnora,Galloway,egallowayfi@last.fm,Female,75.160.163.163
560,Siward,Rebbeck,srebbeckfj@quantcast.com,Male,221.120.170.101
561,Konstantine,Durnill,kdurnillfk@netscape.com,Male,70.61.252.165
562,Waneta,Stanex,wstanexfl@i2i.jp,Female,15.49.69.144
563,Rebe,Dunthorn,rdunthornfm@flickr.com,Female,226.82.174.140
564,Freddy,Dakhov,fdakhovfn@woothemes.com,Female,76.58.163.199
565,Silvester,Pauli,spaulifo@theatlantic.com,Male,7.99.97.244
566,Clayton,Schout,cschoutfp@webeden.co.uk,Male,51.32.91.221
567,Catina,Besque,cbesquefq@mysql.com,Female,234.21.19.192
568,Stevena,Matteotti,smatteottifr@xing.com,Female,237.150.156.149
569,Hernando,Barry,hbarryfs@telegraph.co.uk,Male,123.11.222.159
570,Jameson,Feeham,jfeehamft@ftc.gov,Male,85.81.241.85
571,Janey,Wilhelmy,jwilhelmyfu@senate.gov,Female,154.204.96.187
572,Nanine,Bispo,nbispofv@ning.com,Female,11.216.74.144
573,Michal,Chaperlin,mchaperlinfw@instagram.com,Female,189.190.241.34
574,Cullie,Flott,cflottfx@blinklist.com,Male,129.223.41.76
575,Loleta,Coppin,lcoppinfy@ycombinator.com,Female,35.20.45.5
576,Elonore,Riding,eridingfz@networkadvertising.org,Female,125.106.87.248
577,Cash,Head,cheadg0@behance.net,Male,146.97.145.142
578,Yard,Mansell,ymansellg1@hatena.ne.jp,Male,8.86.29.176
579,Dolly,Strangwood,dstrangwoodg2@prnewswire.com,Bigender,211.46.170.136
580,Morena,Deevey,mdeeveyg3@ebay.co.uk,Female,43.190.10.160
581,Bobby,Bevir,bbevirg4@posterous.com,Male,46.44.135.254
582,Royall,Pigden,rpigdeng5@1688.com,Male,32.239.208.226
583,Roxane,Hubatsch,rhubatschg6@arizona.edu,Female,121.1.243.9
584,Wilhelmine,Franceschelli,wfranceschellig7@bloglovin.com,Female,168.23.8.9
585,Ardisj,Darrigone,adarrigoneg8@ifeng.com,Female,63.58.199.130
586,Ayn,Kain,akaing9@ucla.edu,Female,86.226.204.94
587,Minette,Spurden,mspurdenga@nymag.com,Female,139.162.191.224
588,Ursa,Menary,umenarygb@si.edu,Female,47.98.34.213
589,Abby,Caddick,acaddickgc@princeton.edu,Male,198.230.206.26
590,Abe,Gostling,agostlinggd@jugem.jp,Male,103.25.111.233
591,Aksel,MacKean,amackeange@phpbb.com,Male,1.34.169.170
592,Lyda,Deverale,ldeveralegf@fastcompany.com,Female,146.199.248.43
593,Kally,Pelerin,kpeleringg@360.cn,Female,202.254.253.43
594,Claire,Betton,cbettongh@xinhuanet.com,Female,155.48.20.47
595,Briney,Emmanuele,bemmanuelegi@pagesperso-orange.fr,Female,131.4.216.192
596,Shelton,Dorward,sdorwardgj@merriam-webster.com,Male,250.254.126.212
597,Faustina,Drage,fdragegk@shop-pro.jp,Female,108.149.72.247
598,Mamie,Tomasik,mtomasikgl@shareasale.com,Female,181.64.16.169
599,De,Meedendorpe,dmeedendorpegm@tripod.com,Female,71.131.150.94
600,Currie,Mollen,cmollengn@wufoo.com,Male,125.62.215.22
601,Wilek,Renvoys,wrenvoysgo@fda.gov,Male,81.20.192.111
602,Kayley,Brattan,kbrattangp@biglobe.ne.jp,Female,215.11.20.52
603,Eolande,Lile,elilegq@amazonaws.com,Female,240.203.158.221
604,Ambrosi,Beauchamp,abeauchampgr@army.mil,Male,148.135.181.79
605,Myranda,Blaxley,mblaxleygs@csmonitor.com,Female,224.222.124.24
606,Dene,Luxmoore,dluxmooregt@amazon.de,Male,147.247.35.48
607,Julian,Alvy,jalvygu@nationalgeographic.com,Male,172.164.158.114
608,Madison,Jonah,mjonahgv@netscape.com,Male,190.169.234.169
609,Marcus,Torregiani,mtorregianigw@exblog.jp,Male,58.163.216.203
610,Elinore,Georgescu,egeorgescugx@blogspot.com,Female,114.20.180.215
611,Lorine,Smeeton,lsmeetongy@narod.ru,Genderfluid,137.204.221.244
612,Grazia,Rickardsson,grickardssongz@ox.ac.uk,Female,119.87.175.204
613,Donnamarie,Fellman,dfellmanh0@github.io,Genderqueer,192.177.85.113
614,Vinni,Adamsson,vadamssonh1@flavors.me,Female,208.205.92.152
615,Priscilla,Zuenelli,pzuenellih2@slate.com,Female,93.78.125.19
616,Melina,Bougen,mbougenh3@studiopress.com,Polygender,48.97.29.174
617,Filippa,Corsham,fcorshamh4@berkeley.edu,Female,212.78.178.50
618,Julissa,O'Fogerty,jofogertyh5@rambler.ru,Female,140.164.135.170
619,Oates,Armatys,oarmatysh6@edublogs.org,Genderqueer,113.93.10.224
620,Bibbye,Grinham,bgrinhamh7@shop-pro.jp,Female,39.71.231.246
621,Alfonso,Kobpa,akobpah8@bloomberg.com,Male,208.179.168.64
622,Conrade,Stonnell,cstonnellh9@marketwatch.com,Male,54.35.19.171
623,Tobie,Kulvear,tkulvearha@hostgator.com,Male,74.32.175.162
624,Lorelei,Barhims,lbarhimshb@sogou.com,Female,125.38.83.221
625,Frazer,Ovell,fovellhc@kickstarter.com,Polygender,165.128.148.238
626,Kenon,Kupka,kkupkahd@skyrock.com,Male,145.46.39.221
627,Rachael,Merrigans,rmerriganshe@nationalgeographic.com,Female,226.159.133.229
628,Giffie,Welsby,gwelsbyhf@mediafire.com,Male,86.88.212.175
629,Adrienne,La Croce,alacrocehg@eepurl.com,Female,62.169.186.100
630,Cece,Claworth,cclaworthhh@soup.io,Male,83.89.111.237
631,Konstantin,Acreman,kacremanhi@qq.com,Male,152.37.136.54
632,Nolan,Alphonso,nalphonsohj@desdev.cn,Male,157.58.65.166
633,Lydia,Grassi,lgrassihk@cloudflare.com,Female,51.120.17.252
634,Marcelia,Aldins,maldinshl@cbslocal.com,Bigender,197.7.56.58
635,Milzie,Goss,mgosshm@mozilla.org,Female,174.112.110.156
636,Allistir,Pawle,apawlehn@lulu.com,Male,56.69.250.186
637,Keriann,Raikes,kraikesho@ed.gov,Female,248.224.174.15
638,Colline,Legerton,clegertonhp@mac.com,Female,13.99.107.60
639,Lyndel,Hullyer,lhullyerhq@tinyurl.com,Female,124.171.115.92
640,Valma,Witter,vwitterhr@smh.com.au,Female,134.139.205.141
641,Dana,Gillatt,dgillatths@amazon.co.jp,Male,83.237.113.219
642,Elisabet,Vezey,evezeyht@indiatimes.com,Female,167.176.90.128
643,Rich,Clara,rclarahu@hc360.com,Male,201.158.241.115
644,Alexandros,Backe,abackehv@example.com,Male,36.119.121.154
645,Colline,Tomblings,ctomblingshw@hostgator.com,Agender,34.50.140.194
646,Johnette,Wrefford,jwreffordhx@army.mil,Female,231.100.61.115
647,Rita,McCaughren,rmccaughrenhy@nyu.edu,Female,250.183.108.28
648,Valli,Frissell,vfrissellhz@aboutads.info,Female,3.165.110.25
649,Virge,Tuxwell,vtuxwelli0@slate.com,Male,125.14.63.133
650,Deb,Terese,dteresei1@cbsnews.com,Female,236.95.15.122
651,Niki,Tincombe,ntincombei2@arizona.edu,Male,167.13.156.208
652,Debee,Cottesford,dcottesfordi3@qq.com,Female,184.217.156.173
653,Jourdain,Atwater,jatwateri4@wsj.com,Male,150.31.58.82
654,Otes,Delves,odelvesi5@spiegel.de,Male,193.147.148.240
655,Stephine,Folca,sfolcai6@furl.net,Female,127.38.116.204
656,Lev,Landsman,llandsmani7@sphinn.com,Polygender,52.82.143.221
657,Aguie,Petherick,apethericki8@nytimes.com,Male,226.88.56.48
658,Myrtice,Belson,mbelsoni9@independent.co.uk,Polygender,161.119.99.148
659,Merle,Hughill,mhughillia@shinystat.com,Male,138.83.2.48
660,Vita,Demangeon,vdemangeonib@xing.com,Female,39.73.253.234
661,Leonerd,Petroselli,lpetroselliic@rakuten.co.jp,Male,240.49.73.150
662,Belicia,Jeffress,bjeffressid@bloglines.com,Female,218.119.68.64
663,Grannie,Suddards,gsuddardsie@godaddy.com,Male,153.184.214.97
664,Donelle,O'Driscole,dodriscoleif@ask.com,Female,72.248.44.196
665,Ches,Meert,cmeertig@princeton.edu,Male,78.125.12.136
666,Cord,Meakes,cmeakesih@nhs.uk,Male,166.21.163.86
667,Ira,Brugden,ibrugdenii@usatoday.com,Male,233.116.24.167
668,Greer,Pilbeam,gpilbeamij@yolasite.com,Female,177.234.178.97
669,Olag,Dahl,odahlik@friendfeed.com,Male,111.92.102.20
670,Rochester,Curme,rcurmeil@cdbaby.com,Male,78.115.108.37
671,Quintana,Agdahl,qagdahlim@wordpress.com,Female,79.93.187.92
672,Vonny,Gotthard.sf,vgotthardsfin@japanpost.jp,Female,87.202.176.58
673,Kermie,Ionnisian,kionnisianio@paginegialle.it,Male,245.205.40.87
674,Rik,Avramovitz,ravramovitzip@springer.com,Male,204.247.229.64
675,Dav,Younge,dyoungeiq@joomla.org,Male,99.136.164.40
676,Tirrell,Searl,tsearlir@nih.gov,Male,150.222.236.137
677,Janella,Moogan,jmooganis@ocn.ne.jp,Female,249.227.181.215
678,Tobey,Pimlott,tpimlottit@ibm.com,Female,51.118.16.243
679,Rodina,Giacovelli,rgiacovelliiu@cbsnews.com,Female,250.91.82.222
680,Skip,Pashe,spasheiv@xinhuanet.com,Male,95.176.47.70
681,Sydney,Rawles,srawlesiw@google.nl,Male,71.167.71.208
682,Ottilie,Filipov,ofilipovix@vistaprint.com,Female,197.172.224.232
683,Orly,Kerner,okerneriy@miibeian.gov.cn,Female,164.64.109.228
684,Ardys,Le Friec,alefrieciz@businessinsider.com,Bigender,43.7.248.211
685,Torrin,Thon,tthonj0@ycombinator.com,Agender,204.136.216.30
686,Jose,Oxbury,joxburyj1@time.com,Male,245.182.201.42
687,Hestia,Shapcott,hshapcottj2@ed.gov,Female,176.153.193.169
688,Berti,Bonhome,bbonhomej3@blogtalkradio.com,Female,219.89.22.175
689,Brynn,de Guerre,bdeguerrej4@umn.edu,Female,233.252.95.119
690,Wallis,De Blasiis,wdeblasiisj5@youku.com,Genderqueer,66.7.180.135
691,Zak,Cauthra,zcauthraj6@creativecommons.org,Male,28.105.105.248
692,Thurstan,Leades,tleadesj7@netscape.com,Bigender,119.77.135.108
693,Howard,Covet,hcovetj8@sitemeter.com,Male,172.16.119.7
694,Lucian,Cuss,lcussj9@oracle.com,Male,47.130.179.19
695,Jeannine,Kubczak,jkubczakja@businessinsider.com,Female,180.46.209.14
696,Odella,Cabble,ocabblejb@a8.net,Female,130.74.66.73
697,Sofie,Riping,sripingjc@usa.gov,Female,245.140.107.199
698,Erinn,Luxen,eluxenjd@netlog.com,Female,236.32.111.216
699,Gabriel,Cloney,gcloneyje@earthlink.net,Male,72.170.177.89
700,Lissi,Iredell,liredelljf@moonfruit.com,Female,69.158.235.124
701,Corey,Truter,ctruterjg@apple.com,Female,86.18.105.181
702,Katrinka,Linny,klinnyjh@ftc.gov,Female,94.155.95.86
703,Arvy,Whiffen,awhiffenji@ow.ly,Male,55.167.47.110
704,Donny,Cornewell,dcornewelljj@taobao.com,Female,205.185.236.244
705,Ram,Bunch,rbunchjk@ft.com,Male,204.167.249.83
706,Esme,Joyner,ejoynerjl@ted.com,Non-binary,28.145.9.99
707,Melinda,Farrier,mfarrierjm@networkadvertising.org,Female,183.122.64.174
708,Rosabelle,Cuniffe,rcuniffejn@paypal.com,Female,44.197.39.22
709,Willy,Bisiker,wbisikerjo@ucsd.edu,Female,214.194.220.187
710,Hilario,Akhurst,hakhurstjp@slashdot.org,Male,55.43.10.39
711,Elly,Chagg,echaggjq@macromedia.com,Female,98.54.173.69
712,Brigg,Marushak,bmarushakjr@flavors.me,Male,51.123.166.152
713,Galvin,Bliven,gblivenjs@techcrunch.com,Male,142.83.166.115
714,Viola,Sparkwell,vsparkwelljt@yolasite.com,Female,228.78.116.110
715,Gray,More,gmoreju@list-manage.com,Female,23.64.191.2
716,Miltie,Laven,mlavenjv@abc.net.au,Male,79.168.81.142
717,Nonah,Van den Velden,nvandenveldenjw@1688.com,Female,67.243.114.28
718,Jeanette,Whye,jwhyejx@who.int,Female,74.115.223.196
719,Costa,Phittiplace,cphittiplacejy@guardian.co.uk,Male,101.17.39.252
720,Cam,Lander,clanderjz@nytimes.com,Polygender,95.245.251.16
721,Darcey,Langelaan,dlangelaank0@wikimedia.org,Female,197.45.15.253
722,Karel,Brandenberg,kbrandenbergk1@newyorker.com,Female,15.31.206.249
723,Welbie,Chetwind,wchetwindk2@state.tx.us,Male,234.190.248.81
724,Tatiana,Ozelton,tozeltonk3@arstechnica.com,Agender,62.85.83.230
725,Robena,Duferie,rduferiek4@census.gov,Female,83.170.49.24
726,Tucker,Nasey,tnaseyk5@flickr.com,Male,239.88.63.237
727,Bernita,Slimings,bslimingsk6@slideshare.net,Female,108.132.185.211
728,Bren,Dahmke,bdahmkek7@behance.net,Female,40.97.185.46
729,Etienne,Housbie,ehousbiek8@geocities.com,Male,233.11.62.255
730,Celestine,Woodbridge,cwoodbridgek9@umich.edu,Female,57.86.123.152
731,Huey,Shackle,hshackleka@tiny.cc,Male,43.65.121.97
732,Luther,Kilgallen,lkilgallenkb@merriam-webster.com,Male,159.218.61.209
733,Halley,Chaffe,hchaffekc@java.com,Female,206.66.161.198
734,Rudiger,Whibley,rwhibleykd@wikipedia.org,Male,183.185.105.127
735,Clyde,Thomson,cthomsonke@netlog.com,Male,208.219.152.169
736,Thea,People,tpeoplekf@github.com,Female,225.247.119.126
737,Bell,Boase,bboasekg@homestead.com,Female,80.127.183.48
738,Joseph,Jantzen,jjantzenkh@com.com,Male,140.49.111.226
739,Hildegaard,Tousy,htousyki@stanford.edu,Polygender,10.86.225.183
740,Evita,Fackney,efackneykj@ft.com,Female,226.238.214.84
741,Adorne,Wyman,awymankk@1und1.de,Female,241.53.79.42
742,Thibaud,Harome,tharomekl@opensource.org,Male,167.72.187.9
743,Blake,Kingescot,bkingescotkm@google.it,Non-binary,191.216.170.190
744,Lou,Defau,ldefaukn@nifty.com,Male,86.183.137.221
745,Izak,Luten,ilutenko@salon.com,Male,159.108.208.70
746,Alys,Eyckelberg,aeyckelbergkp@jalbum.net,Female,237.237.187.2
747,Pattie,Caddan,pcaddankq@prlog.org,Male,235.90.253.125
748,Cynthia,Mowat,cmowatkr@taobao.com,Female,203.57.215.137
749,Ruperto,Lippard,rlippardks@ibm.com,Male,202.66.174.77
750,Malcolm,Addionizio,maddioniziokt@howstuffworks.com,Male,80.83.245.216
751,Fraze,Hammerstone,fhammerstoneku@free.fr,Male,206.68.219.239
752,Davina,Nickols,dnickolskv@cpanel.net,Female,236.230.247.60
753,Anders,Langton,alangtonkw@barnesandnoble.com,Male,64.104.173.13
754,Hussein,Cutchey,hcutcheykx@bluehost.com,Genderfluid,127.79.113.115
755,Yehudi,Flint,yflintky@boston.com,Male,181.25.105.144
756,Kennan,Orcas,korcaskz@printfriendly.com,Male,15.210.105.67
757,Myer,Delion,mdelionl0@yolasite.com,Male,195.119.130.246
758,Hal,Ryce,hrycel1@technorati.com,Male,235.111.55.231
759,Cy,Dietzler,cdietzlerl2@ihg.com,Male,219.77.133.192
760,Ronica,Philson,rphilsonl3@thetimes.co.uk,Female,229.225.97.135
761,Stace,Pottberry,spottberryl4@discovery.com,Female,177.225.96.129
762,Gretel,Truckell,gtruckelll5@howstuffworks.com,Female,14.20.148.46
763,Feodora,Gaynes,fgaynesl6@forbes.com,Female,7.181.39.166
764,La verne,Weald,lwealdl7@stumbleupon.com,Female,58.5.98.30
765,Honoria,Yeabsley,hyeabsleyl8@tiny.cc,Female,179.144.116.141
766,Felecia,Brogden,fbrogdenl9@pcworld.com,Female,217.21.227.33
767,Gertie,Boost,gboostla@photobucket.com,Female,69.217.26.93
768,Ronda,Shurville,rshurvillelb@cornell.edu,Female,148.79.108.128
769,Dana,Casey,dcaseylc@issuu.com,Male,179.13.87.224
770,Ignacius,Linturn,ilinturnld@vkontakte.ru,Male,154.72.7.138
771,Antonella,Manilow,amanilowle@naver.com,Female,208.163.141.17
772,Earlie,Rider,eriderlf@timesonline.co.uk,Male,128.111.115.57
773,Isa,Furmenger,ifurmengerlg@google.pl,Male,151.79.138.211
774,Yorgos,MacKartan,ymackartanlh@over-blog.com,Male,115.141.29.187
775,Ardine,Mixer,amixerli@irs.gov,Female,197.109.4.27
776,Judah,Rawsthorn,jrawsthornlj@ocn.ne.jp,Male,43.33.5.232
777,Moina,Boatwright,mboatwrightlk@icio.us,Female,65.193.224.228
778,Amble,Raiment,araimentll@deviantart.com,Male,56.201.102.155
779,Brewer,Waghorn,bwaghornlm@devhub.com,Male,209.80.62.81
780,Justino,Alderman,jaldermanln@sbwire.com,Male,239.115.114.234
781,Leela,Girardetti,lgirardettilo@xing.com,Female,222.235.56.8
782,Charity,Sarra,csarralp@jimdo.com,Female,4.235.82.61
783,Betsy,Cathrae,bcathraelq@yellowbook.com,Female,89.106.200.224
784,Willa,Magovern,wmagovernlr@weebly.com,Female,217.236.139.128
785,Ricky,Bulcock,rbulcockls@oracle.com,Female,228.120.181.4
786,Yorgo,Smellie,ysmellielt@histats.com,Male,218.246.115.128
787,Camey,Temporal,ctemporallu@ca.gov,Male,247.254.51.187
788,Elke,Adshed,eadshedlv@spotify.com,Female,129.72.176.137
789,Pedro,Imort,pimortlw@hatena.ne.jp,Male,34.135.149.184
790,Belia,Danko,bdankolx@mtv.com,Female,248.128.206.117
791,Hank,MacKim,hmackimly@admin.ch,Male,221.230.146.41
792,Kial,Ciric,kciriclz@nature.com,Female,174.69.69.104
793,Taddeo,Linzey,tlinzeym0@archive.org,Male,249.56.200.5
794,Karlis,Mc Caghan,kmccaghanm1@jiathis.com,Male,178.188.21.218
795,Ulrike,Ridewood,uridewoodm2@ted.com,Female,87.226.95.83
796,Melloney,Vlasov,mvlasovm3@cocolog-nifty.com,Female,199.36.98.189
797,Sari,Lamball,slamballm4@sakura.ne.jp,Female,155.45.241.60
798,Modesta,Kiera,mkieram5@guardian.co.uk,Female,243.223.124.6
799,Stesha,Giraths,sgirathsm6@sohu.com,Female,50.7.104.208
800,Aundrea,Axton,aaxtonm7@people.com.cn,Female,242.94.205.189
801,Silvana,Burtwhistle,sburtwhistlem8@cnn.com,Female,232.61.39.99
802,Conrado,Lightowlers,clightowlersm9@hibu.com,Male,113.178.219.77
803,Brena,Caselli,bcasellima@dagondesign.com,Female,13.228.236.179
804,Clayton,Ciccarelli,cciccarellimb@businessinsider.com,Male,128.247.73.12
805,Britni,Getten,bgettenmc@spiegel.de,Female,79.251.99.30
806,Cynthia,Seager,cseagermd@scientificamerican.com,Female,77.207.230.190
807,Harrietta,Blanch,hblanchme@google.com.br,Agender,86.119.58.88
808,Yard,Eudall,yeudallmf@mediafire.com,Polygender,120.204.67.8
809,Lela,Ralling,lrallingmg@last.fm,Female,182.174.212.155
810,Zed,Edmand,zedmandmh@infoseek.co.jp,Male,134.124.68.235
811,Jocelyne,O'Ferris,joferrismi@multiply.com,Female,232.73.178.80
812,Hernando,Connock,hconnockmj@hatena.ne.jp,Male,176.152.234.11
813,Celle,Novak,cnovakmk@themeforest.net,Female,93.30.178.197
814,Jareb,Levin,jlevinml@jiathis.com,Male,86.54.42.158
815,Garry,Shearer,gshearermm@reverbnation.com,Male,20.250.180.47
816,Bibi,Schneider,bschneidermn@google.com.br,Female,51.109.15.186
817,Codi,Mulvihill,cmulvihillmo@guardian.co.uk,Bigender,206.182.62.239
818,Chilton,Delgado,cdelgadomp@macromedia.com,Male,254.208.140.68
819,Vivyanne,Bellanger,vbellangermq@vk.com,Polygender,183.146.30.97
820,Vickie,Crosse,vcrossemr@eventbrite.com,Female,76.228.202.95
821,Linn,Rabjohns,lrabjohnsms@elegantthemes.com,Male,165.141.52.65
822,Lizbeth,Leythley,lleythleymt@hugedomains.com,Female,11.238.189.155
823,Hadlee,Penny,hpennymu@jiathis.com,Male,194.45.217.183
824,Stephanus,Skeete,sskeetemv@storify.com,Male,238.135.217.58
825,Aila,Warrack,awarrackmw@nationalgeographic.com,Female,41.151.242.78
826,Barnaby,Surgener,bsurgenermx@thetimes.co.uk,Male,102.115.34.91
827,Jacquetta,Burstow,jburstowmy@upenn.edu,Female,188.93.193.174
828,Zandra,Trewin,ztrewinmz@sphinn.com,Female,32.149.98.0
829,Rustie,Zanassi,rzanassin0@arstechnica.com,Male,33.82.246.49
830,Jenda,Bareham,jbarehamn1@yahoo.com,Female,28.12.30.123
831,Parke,Mawhinney,pmawhinneyn2@webmd.com,Male,135.192.198.121
832,Darcee,Laurand,dlaurandn3@slideshare.net,Female,79.243.152.16
833,Isabelita,Aronovich,iaronovichn4@reuters.com,Female,243.233.100.168
834,Laryssa,Redford,lredfordn5@live.com,Female,242.145.178.81
835,Bran,Skerman,bskermann6@buzzfeed.com,Male,137.120.29.115
836,Dominik,Bancroft,dbancroftn7@arstechnica.com,Male,185.32.198.246
837,Isa,Salsbury,isalsburyn8@dailymotion.com,Female,254.48.77.121
838,Mora,Helwig,mhelwign9@biglobe.ne.jp,Female,89.220.225.172
839,Stillmann,Baldick,sbaldickna@is.gd,Male,242.127.149.3
840,Jude,Bunch,jbunchnb@jigsy.com,Male,189.53.223.167
841,Carmina,Cassimer,ccassimernc@mlb.com,Female,48.205.2.212
842,Violette,Thomazin,vthomazinnd@indiegogo.com,Female,124.123.18.210
843,Foss,Paddock,fpaddockne@hc360.com,Male,35.110.220.41
844,Hernando,Itchingham,hitchinghamnf@weather.com,Male,124.154.211.227
845,Enriqueta,Petheridge,epetheridgeng@purevolume.com,Female,97.131.235.188
846,Darleen,Thew,dthewnh@diigo.com,Female,78.29.189.67
847,Malchy,Amburgy,mamburgyni@skype.com,Male,255.13.185.255
848,Kali,Halpine,khalpinenj@last.fm,Female,23.7.204.60
849,Matthiew,Dudden,mduddennk@ezinearticles.com,Male,99.106.77.127
850,Letty,MacPhee,lmacpheenl@dot.gov,Female,10.111.251.195
851,Davidde,Whitrod,dwhitrodnm@fotki.com,Male,176.93.71.216
852,Ede,Ganning,eganningnn@utexas.edu,Female,130.9.30.125
853,Brit,Perott,bperottno@lycos.com,Female,0.202.89.210
854,Ivonne,Gravatt,igravattnp@wired.com,Female,63.117.234.243
855,Harli,Ferguson,hfergusonnq@usda.gov,Female,108.210.1.219
856,Tristam,Croizier,tcroiziernr@fc2.com,Male,254.138.29.108
857,Crystal,Rougier,crougierns@google.ca,Female,243.244.100.127
858,Berrie,Dimock,bdimocknt@gnu.org,Female,126.255.121.203
859,Linus,Tiffney,ltiffneynu@homestead.com,Genderqueer,197.78.29.214
860,Cody,Musson,cmussonnv@sbwire.com,Female,62.255.116.78
861,Kasper,Kernan,kkernannw@surveymonkey.com,Male,249.171.125.46
862,Homerus,Aloigi,haloiginx@bigcartel.com,Male,134.5.32.68
863,Lorelei,Monckton,lmoncktonny@yelp.com,Female,192.16.93.229
864,Constantino,Merrell,cmerrellnz@cnn.com,Male,104.232.234.225
865,Emyle,Congreve,econgreveo0@amazon.com,Genderqueer,172.120.96.129
866,Sonia,Deekes,sdeekeso1@blogspot.com,Agender,76.74.64.47
867,Aurelie,Kingston,akingstono2@comcast.net,Female,234.161.235.205
868,Pen,Kleisel,pkleiselo3@weibo.com,Male,170.15.234.148
869,Jess,Currer,jcurrero4@unesco.org,Male,52.193.68.250
870,Ade,Kondratenko,akondratenkoo5@google.com.hk,Polygender,254.75.21.52
871,Guilbert,Molson,gmolsono6@freewebs.com,Male,70.187.172.72
872,Leora,Zmitruk,lzmitruko7@time.com,Female,95.168.195.128
873,Cassey,Lyard,clyardo8@nba.com,Female,21.7.136.247
874,Leoine,Blaby,lblabyo9@odnoklassniki.ru,Female,166.95.221.118
875,Elwyn,Avramovich,eavramovichoa@symantec.com,Male,211.40.156.8
876,Reinaldos,Wellstead,rwellsteadob@ebay.com,Male,50.44.231.55
877,Laryssa,Meriott,lmeriottoc@shutterfly.com,Genderfluid,183.32.243.68
878,Sam,McLennan,smclennanod@berkeley.edu,Female,114.38.214.186
879,Eldon,Padkin,epadkinoe@redcross.org,Male,1.12.87.234
880,Burke,Chaunce,bchaunceof@deviantart.com,Male,11.92.92.68
881,Irving,Colloby,icollobyog@psu.edu,Male,6.159.125.140
882,Kristyn,Trahearn,ktrahearnoh@gov.uk,Female,7.230.76.177
883,Ernesto,Radke,eradkeoi@desdev.cn,Male,113.23.9.90
884,Curtis,Pendleton,cpendletonoj@blogtalkradio.com,Non-binary,35.29.63.228
885,Genevieve,Cregg,gcreggok@theguardian.com,Female,212.202.56.17
886,Karlyn,Kentwell,kkentwellol@dell.com,Female,110.178.50.28
887,Stavro,Bech,sbechom@spotify.com,Male,97.87.248.36
888,Delmar,Isley,disleyon@dell.com,Male,200.119.34.235
889,Hubert,Aitken,haitkenoo@xrea.com,Non-binary,73.175.73.230
890,Pen,Brahms,pbrahmsop@dion.ne.jp,Female,252.146.40.238
891,Amii,Pfleger,apflegeroq@mozilla.org,Female,55.62.148.50
892,Georges,Domenget,gdomengetor@parallels.com,Male,89.72.250.183
893,Desdemona,Jodlkowski,djodlkowskios@si.edu,Female,103.51.70.236
894,Angelica,Pauleit,apauleitot@xrea.com,Female,39.242.67.19
895,Maison,Hannaford,mhannafordou@vinaora.com,Male,96.4.232.147
896,Mitchell,Fairlem,mfairlemov@ox.ac.uk,Male,164.201.114.107
897,Jess,Pensom,jpensomow@tripod.com,Male,102.223.128.149
898,Kipp,Torritti,ktorrittiox@google.it,Male,34.31.113.34
899,Clyde,Candish,ccandishoy@w3.org,Male,60.5.138.105
900,Rosalind,Diffley,rdiffleyoz@yolasite.com,Female,166.122.125.110
901,Henrietta,Sitford,hsitfordp0@cdbaby.com,Female,155.99.0.98
902,Renado,Gantley,rgantleyp1@google.cn,Male,173.154.239.17
903,Eba,Perrie,eperriep2@msn.com,Female,103.115.202.36
904,Juliette,McPhillimey,jmcphillimeyp3@naver.com,Female,19.29.183.131
905,Conrado,Whitloe,cwhitloep4@livejournal.com,Male,52.253.252.184
906,Teena,Mishaw,tmishawp5@hao123.com,Female,70.235.101.245
907,Anders,Ouver,aouverp6@yahoo.com,Male,149.134.139.136
908,Aylmer,Crafts,acraftsp7@usgs.gov,Male,214.152.157.196
909,Keir,Heliet,khelietp8@fema.gov,Male,172.182.9.37
910,Angela,Burdikin,aburdikinp9@ask.com,Female,142.223.192.83
911,Giorgi,Rosebotham,grosebothampa@salon.com,Polygender,249.44.152.73
912,Emogene,Sander,esanderpb@cornell.edu,Genderqueer,194.223.254.183
913,Conrado,Edgerton,cedgertonpc@wikispaces.com,Genderfluid,17.138.65.229
914,Gaelan,Line,glinepd@meetup.com,Male,177.185.72.1
915,Dill,Guyver,dguyverpe@reference.com,Male,138.208.39.191
916,Guendolen,Annesley,gannesleypf@bloglovin.com,Female,135.23.156.227
917,Pernell,Duffy,pduffypg@dot.gov,Male,229.37.52.162
918,Caro,Blunsom,cblunsomph@yandex.ru,Female,135.26.133.52
919,Amory,Baudasso,abaudassopi@ycombinator.com,Male,159.30.149.190
920,Darcie,Row,drowpj@deliciousdays.com,Female,169.117.226.68
921,Kata,Toplis,ktoplispk@ezinearticles.com,Female,232.52.249.87
922,Jeno,Dockreay,jdockreaypl@biblegateway.com,Male,219.73.66.46
923,Lyn,McKenny,lmckennypm@a8.net,Male,134.86.70.132
924,Susann,Loughrey,sloughreypn@unesco.org,Female,213.61.228.21
925,Milt,Hryniewicki,mhryniewickipo@patch.com,Male,188.61.115.140
926,Bary,Escalera,bescalerapp@yahoo.co.jp,Male,34.17.1.180
927,Starla,Androletti,sandrolettipq@friendfeed.com,Female,22.231.245.151
928,Jarred,Pennino,jpenninopr@google.com.au,Male,70.102.46.76
929,Julita,Gornall,jgornallps@trellian.com,Female,18.114.29.53
930,Faythe,Cosser,fcosserpt@is.gd,Female,187.13.160.182
931,Ephraim,Pashby,epashbypu@wunderground.com,Male,223.193.171.6
932,Zarah,Bolin,zbolinpv@yelp.com,Non-binary,140.143.120.109
933,Darby,Dalby,ddalbypw@amazon.com,Male,149.252.128.134
934,Terese,Kidson,tkidsonpx@blogs.com,Female,199.199.239.78
935,Jemmy,Vanshin,jvanshinpy@blogs.com,Female,146.245.105.77
936,Di,Rosbotham,drosbothampz@tripod.com,Female,28.224.49.13
937,Carey,Pawlaczyk,cpawlaczykq0@google.ca,Female,225.49.73.92
938,Kahaleel,Fipp,kfippq1@rediff.com,Male,33.16.21.226
939,Harrietta,Samuels,hsamuelsq2@fema.gov,Female,167.124.216.217
940,Linet,Fulleylove,lfulleyloveq3@photobucket.com,Female,35.98.113.64
941,Abigale,Comford,acomfordq4@about.me,Female,105.14.139.191
942,Dillie,Eliot,deliotq5@elpais.com,Male,237.176.109.45
943,Monte,Reinard,mreinardq6@si.edu,Male,179.228.46.242
944,Calhoun,Horlock,chorlockq7@vk.com,Male,211.3.98.146
945,Thomasine,Crispin,tcrispinq8@mysql.com,Female,201.114.112.229
946,Emmett,Hrynczyk,ehrynczykq9@wordpress.org,Male,143.121.221.24
947,Noel,Scurlock,nscurlockqa@pcworld.com,Female,28.57.66.176
948,Merlina,Skettles,mskettlesqb@boston.com,Female,38.214.42.16
949,Lucho,Domerq,ldomerqqc@fema.gov,Male,189.136.93.153
950,Winnah,Mollison,wmollisonqd@upenn.edu,Female,52.72.104.34
951,Elwyn,Devanney,edevanneyqe@home.pl,Male,103.92.170.180
952,Chrysa,Spinney,cspinneyqf@diigo.com,Female,187.191.20.212
953,Trevar,McElane,tmcelaneqg@utexas.edu,Male,99.129.236.226
954,Louisette,Wakeman,lwakemanqh@xinhuanet.com,Female,7.135.249.113
955,Gerrard,Dudill,gdudillqi@mit.edu,Male,125.194.27.133
956,Loleta,Terbrugge,lterbruggeqj@freewebs.com,Female,202.167.143.153
957,Abdel,Duggan,adugganqk@ask.com,Male,128.44.90.86
958,Fredi,Fanton,ffantonql@sphinn.com,Female,108.227.68.99
959,Rickey,McFadden,rmcfaddenqm@discuz.net,Male,50.43.224.211
960,Sheppard,Farquhar,sfarquharqn@latimes.com,Male,151.216.148.174
961,Alex,Ciobutaro,aciobutaroqo@nsw.gov.au,Male,245.68.30.170
962,Jessica,Gornall,jgornallqp@huffingtonpost.com,Female,46.150.215.249
963,Zsa zsa,Cotterrill,zcotterrillqq@gmpg.org,Female,83.69.92.41
964,Saundra,Siddle,ssiddleqr@so-net.ne.jp,Female,49.30.183.161
965,Maury,Helleckas,mhelleckasqs@whitehouse.gov,Male,84.171.199.11
966,Allyson,Bertomier,abertomierqt@gmpg.org,Agender,83.221.127.238
967,Earvin,Collidge,ecollidgequ@boston.com,Non-binary,44.190.35.29
968,Annice,Bassham,abasshamqv@hostgator.com,Female,213.108.59.161
969,Kamila,Boucher,kboucherqw@angelfire.com,Female,85.224.77.243
970,Alexine,Houseman,ahousemanqx@prweb.com,Female,87.183.241.103
971,Barth,Courtonne,bcourtonneqy@amazon.com,Male,47.66.129.188
972,Lorena,Genge,lgengeqz@economist.com,Female,240.100.75.173
973,Freddie,Tommasetti,ftommasettir0@naver.com,Male,183.62.252.156
974,Fred,Grigoli,fgrigolir1@alibaba.com,Male,46.186.89.114
975,Fransisco,Averies,faveriesr2@qq.com,Male,231.14.192.208
976,Laurens,Ladell,lladellr3@yellowpages.com,Male,111.120.248.144
977,Maureen,Aylward,maylwardr4@google.nl,Female,239.212.36.231
978,Kathryne,Jurczak,kjurczakr5@epa.gov,Female,62.89.244.237
979,Shauna,Physick,sphysickr6@ifeng.com,Female,182.181.68.56
980,Ruddy,Fernandes,rfernandesr7@springer.com,Male,237.44.49.40
981,Willy,Brickner,wbricknerr8@canalblog.com,Male,141.11.56.62
982,Kattie,Liveley,kliveleyr9@unblog.fr,Female,21.15.9.226
983,Jose,Barrus,jbarrusra@macromedia.com,Male,21.46.191.124
984,Wallas,Dix,wdixrb@joomla.org,Male,67.249.181.55
985,Euell,Gerry,egerryrc@intel.com,Agender,221.212.104.175
986,Kerr,Paxton,kpaxtonrd@hatena.ne.jp,Male,147.220.154.59
987,Laureen,Fontel,lfontelre@linkedin.com,Female,192.158.132.93
988,Claretta,Adess,cadessrf@skyrock.com,Female,23.189.209.18
989,Eirena,Wurz,ewurzrg@squidoo.com,Female,85.169.226.38
990,Boycie,Hartill,bhartillrh@newsvine.com,Male,127.127.179.202
991,Sib,Thirsk,sthirskri@examiner.com,Female,67.139.128.77
992,Yorker,Stritton,ystrittonrj@ocn.ne.jp,Agender,223.65.41.231
993,Mindy,Kops,mkopsrk@lulu.com,Female,191.7.2.168
994,Harmonia,Leinster,hleinsterrl@posterous.com,Agender,200.34.204.223
995,Ofella,Yedall,oyedallrm@ftc.gov,Female,193.41.240.142
996,Eadmund,Vaggers,evaggersrn@dion.ne.jp,Male,247.240.145.61
997,Barnaby,Nann,bnannro@goodreads.com,Male,87.233.121.83
998,Ilise,Cake,icakerp@java.com,Female,195.51.153.211
999,Nevile,Scowen,nscowenrq@google.fr,Agender,224.128.34.38
1000,Byram,Rowling,browlingrr@xing.com,Male,223.74.173.47
